Brand,title,storage,Ram,Front Camera,Battery,Resolutions,OS,Inches,price in EGY
Honor,x7a,128,4,8,5000,720 x 1600,Android,6.8,7666
Apple,iPhone 13,128,4,12,3000,1170 x 2532,iOS,6.1,33333
Samsung,Galaxy A14,128,4,13,4000,1080 x 2408,Android,6.6,5899
Vivo,Y27,128,6,8,4000,1080 x 2388,Android,6.6,7790
iKU,S2,Less,,Not,Below,,,1.8,580
Samsung,Galaxy A24,128,8,13,4000,1080 x 2340,Android,6.5,8699
realme,C25Y,64,4,8,4000,720 x 1600 pixels,Android,6.5,4399
Apple,iPhone 11,128,4,12,3000,1792 × 828,iOS,6.1,24499
realme,C21Y,64,4,5,,,Android,6.5,4099
Samsung,Galaxy A24,128,8,13,4000,1080 x 2340,Android,6.5,8699
Xiaomi,Redmi Note 11,128,6,13,4000,1080 x 2400,Android,6.4,7777
Samsung,Galaxy A34,128,8,13,4000,1080 x 2340,Android,6.6,11499
Vivo,Y27,128,6,8,4000,1080 x 2388,Android,6.6,7790
Xiaomi,Redmi A1 Plus,32,2,5,4000,720 x 1600,Android,6.5,3275
Vivo,Y02s,32,3,5,4000,720 x 1600,Android,6.5,4090
Vivo,V27e,256,8,32,4000,1080 x 2400,Android,6.6,12990
Xiaomi,Redmi Note 11,128,4,13,4000,1080 x 2400,Android,6.4,7099
Vivo,V27e,256,8,32,4000,1080 x 2400,Android,6.6,12990
Samsung,Galaxy M12,128,4,8,4000,720 x 1600 pixels,Android,6.5,5749
Samsung,Galaxy A04s,64,4,5,4000,720 × 1600,Android,6.5,4859
Infinix,Hot 30i,128,8,8,4000,720 x 1612,Android,6.5,5899
realme,C35,128,4,8,4000,1080 x 2408,Android,6.6,6099
Samsung,Galaxy A04s,64,4,5,4000,720 × 1600,Android,6.5,4859
Oppo,Reno 8 T,256,8,32,4000,1080 x 2400,Android,6.43,10799
Oppo,A17,64,4,5,4000,720 x 1612,Android,6.5,5499
Infinix,Hot 20,128,6,8,4000,720 x 1640,Android,6.8,5799
iKU,A11,32,2,5,3000,1600 x 900,Android,6.5,3299
Xiaomi,Redmi A1 Plus,32,2,5,4000,720 x 1600,Android,6.5,3275
realme,C33,128,4,5,4000,720 x 1600,Android,6.5,5499
realme,C55,256,8,8,4000,1080 x 2400,Android,6.7,7999
Samsung,Galaxy A14,64,4,8,4000,1080 x 2400,Android,6.6,5540
Samsung,Galaxy A04s,32,3,5,4000,720 × 1600,Android,6.5,4219
Oppo,A55,128,4,16,4000,720 x 1600 pixels,Android,6.5,6149
Oppo,A55,128,4,16,4000,720 x 1600 pixels,Android,6.5,6149
iKU,A11,32,2,5,3000,1600 x 900,Android,6.5,3299
iKU,A11,32,2,5,3000,1600 x 900,Android,6.5,3299
Samsung,Galaxy A04s,32,3,5,4000,720 × 1600,Android,6.5,4219
Vivo,Y36,128,8,16,4000,1080 x 2388,Android,6.6,8790
Xiaomi,Redmi Note 12,256,8,13,4000,1080 x 2400,Android,6.7,9888
Samsung,Galaxy A34,128,8,13,4000,1080 x 2340,Android,6.6,11499
Honor,x7a,128,4,8,5000,720 x 1600,Android,6.8,7666
realme,C33,64,4,5,4000,720 x 1600,Android,6.5,5050
realme,C30s,32,2,5,4000,720 x 1600,Android,6.5,3399
realme,C30s,64,3,5,4000,720x1600,Android,6.5,3726
Xiaomi,Redmi Note 13,256,8,13,4000,1080 x 2400,Android,6.7,9888
realme,C33,64,4,5,4000,720 x 1600,Android,6.5,5050
iKU,A12,64,4,5,3000,,Android,6.5,3699
iKU,A7,16,2,5,2000,1920 x 1080,Android,6,2800
Xiaomi,Redmi 9A,32,2,5,4000,720 x 1600,Android,6.5,3120
Infinix,Smart 7,64,3,5,4000,720 x 1612,Android,6.6,3555
Infinix,Smart 7,64,3,5,4000,720 x 1612,Android,6.6,3555
Xiaomi,Poco C40,64,4,5,5000,720 x 1650,Android,6.7,5099
iKU,A7,16,2,5,2000,1920 x 1080,Android,6,2800
Oppo,A57,64,4,8,4000,720 x 1612,Android,6.5,5799
realme,10,256,8,16,4000,1080 x 2400,Android,6.4,8999
iKU,A7,16,2,5,2000,1920 x 1080,Android,6,2800
Honor,x7a,128,4,8,5000,720 x 1600,Android,6.8,7666
Xiaomi,Redmi Note 12 Pro,256,8,16,4000,1080 x 2400,Android,6.67,12199
realme,C33,128,4,5,4000,720 x 1600,Android,6.5,5499
Oppo,A17,64,4,5,4000,720 x 1612,Android,6.5,5499
iKU,A12,64,4,5,3000,,Android,6.5,3699
realme,C30s,64,3,5,4000,720x1600,Android,6.5,3726
iKU,A7,16,2,5,2000,1920 x 1080,Android,6,2800
iKU,A6,32,1,2,2000,,Android,5.4,2600
iKU,A6,32,1,2,2000,,Android,5.4,2600
Xiaomi,Redmi 9A,32,2,5,4000,720 x 1600,Android,6.5,3117
Samsung,Galaxy A34,256,8,13,4000,1080 x 2340,Android,6.6,12199
realme,9i,128,4,16,4000,1080 x 2412,Android,6.6,5886
Oppo,A77S,128,8,8,4000,720 x 1612,Android,6.5,8199
Oppo,A17K,64,3,5,4000,,Android,6.52,4999
Infinix,Smart 7,64,4,5,4000,720 x 1612,Android,6.6,3777
Infinix,Smart 7,64,4,5,4000,720 x 1612,Android,6.6,3777
Infinix,Smart 7,64,4,5,4000,720 x 1612,Android,6.6,3777
Xiaomi,Redmi 12C,64,3,5,4000,1650 × 720,Android,6.7,4499
realme,C51,128,4,5,4000,,Android,6.4,8565
realme,C53,128,6,8,4000,1080 x 2400,Android,6.7,6452
Oppo,A98,256,8,32,4000,1080 x 2400 ,Android,6.7,11569
Oppo,A77S,128,8,8,4000,720 x 1612,Android,6.5,8199
Xiaomi,Poco C40,64,4,5,5000,720 x 1650,Android,6.7,5099
iKU,A12,64,4,5,3000,,Android,6.5,3699
realme,C30s,32,2,5,4000,720 x 1600,Android,6.5,3399
realme,Narzo 50A,64,4,8,5000,720 x 1600,Android,6.5,4799
Vivo,Y22,128,4,8,4000,720 x 1612,Android,6.5,7390
realme,C33,128,4,5,4000,720 x 1600,Android,6.5,5499
Infinix,Smart 7,64,4,5,4000,720 x 1612,Android,6.6,3750
Samsung,Galaxy A34,128,8,13,4000,1080x2400,Android,6.6,11499
Huawei,nova Y91,256,8,8,6001-7000mAh,1080 x 2376,EMUI,6.9,11229
Xiaomi,Redmi Note 12 Pro Plus,256,8,16,4000,1080x2400,Android,6.6,17999
Oppo,A77,128,4,8,4000,720 x 1612,Android,6.5,6666
Huawei,nova Y91,256,8,8,6001-7000mAh,1080 x 2376,EMUI,6.9,11229
Apple,iPhone 12,128,4,12,2000,1170 x 2532,iOS,6.1,30499
Oppo,A55,64,4,16,4000,720 x 1600 pixels,Android,6.5,5999
Samsung,Galaxy A04e,32,3,5,4000,720 x 1600,Android,6.5,4199
Huawei,Nova Y61,64,4,5,4000,720X1600,EMUI,6.5,5200
Samsung,Galaxy A04,64,4,5,4000,720 x 1600,Android,6.5,5249
Samsung,Galaxy A04s,64,4,5,4000,720 × 1600,Android,6.5,4877
Apple,iPhone 13,128,4,12,3000,1170 x 2532,iOS,6.1,30299
Vivo,V27,256,8,50,4000,1080 x 2400,Android,6.9,18990
Xiaomi,Redmi Note 12 4G,128,8,13,4000,1080 x 2400,Android,6.6,9499
Vivo,Y22,128,4,8,4000,720 x 1612,Android,6.5,7390
Huawei,Nova Y90,128,8,8,5000,1080 x 2388,EMUI,6.7,8999
Xiaomi,Redmi 10A,32,2,5,4000,720 x 1600,Android,6.5,3999
Huawei,Nova Y61,64,4,5,4000,720 x 1600,EMUI,6.5,5653
Apple,iphone 14,128,6,12,3000,1170x2532,iOS,6.1,35999
Oppo,A78,256,8,8,4000,2400×1080,Android,6.4,9789
Oppo,A78,256,8,8,4000,2400×1080,Android,6.4,9789
Oppo,A78,128,8,8,4000,2400×1080,Android,6.4,8565
Xiaomi,Redmi 10C,128,4,5,4000,(720 x 1650),Android,6.4,5349
Samsung,Galaxy A04s,128,4,5,4000,720 × 1600,Android,6.5,5899
iKU,A6,32,1,2,2000,,Android,5.4,2600
Xiaomi,Redmi 12C,64,3,5,4000,1650 × 720,Android,6.7,4499
Nokia,Nokia C1 2E,16,1,5,2000,720 x 1440 pixels,Android,5.4,2099
Samsung,Galaxy A04e,32,3,5,4000,720 x 1600,Android,6.5,4199
Xiaomi,Redmi Note 12 Pro Plus,256,8,16,4000,1080x2400,Android,6.6,17999
Apple,iPhone 14 Pro Max,256,6,12,4000,1290 x 2796,iOS,6.7,54999
Samsung,Galaxy A04s,128,4,5,4000,720 × 1600,Android,6.5,5899
Nokia,C10,32,2,5,3000,720 x 1600,Android,6.5,2799
Honor,X8A,128,8,16,4000,1080 x 2388,Android,6.7,11499
Vivo,Y36,128,8,16,4000,1080 x 2388,Android,6.6,8790
realme,C55,256,8,8,4000,1080 x 2400,Android,6.7,7999
Nokia,Nokia 130,Less,Less,Unidentified,,128 x 160 pixels,,1.8,1019
Samsung,Galaxy A03,32,3,5,4000,720 x 1600,Android,6.5,4699
Samsung,Galaxy A04e,64,3,5,4000,720 x 1600,Android,6.5,4599
Nokia,G21,128,4,8,5000,720 x 1600,Android,6.5,5649
Oppo,A77,128,4,8,4000,1612 x 720,,6.5,6666
Huawei,nova 11i,128,8,16,4000,1080 x 2388,EMUI,6.8,12499
Oppo,Reno 8T,256,8,32,4000,2412x1080,Android,6.7,13699
Oppo,A78,128,8,8,4000,2400×1080,Android,6.4,8565
Xiaomi,Redmi 10A,64,3,5,4000,720 × 1600,Android,6.5,4599
Huawei,Nova Y61,64,4,5,4000,720 x 1600,EMUI,6.5,5653
Samsung,Galaxy A54,128,8,32,4000,1080 x 2340,Android,6.4,17499
Samsung,Galaxy A14,128,4,13,4000,1080 x 2408,Android,6.6,5899
Huawei,Nova Y90,128,8,8,5000,1080 x 2388,EMUI,6.7,8519
Vivo,V27,256,8,50,4000,1080 x 2400,Android,6.9,18990
realme,C33,64,4,5,4000,720 x 1600,Android,6.5,5050
Samsung,A24,128,4,13,4000,1080 x 2340,Android,6.5,7099
Honor,X8A,128,8,16,4000,1080 x 2388,Android,6.7,11499
Oppo,Reno 8T,256,8,32,4000,1080 x 2412 ,Android,6.7,14684
realme,Narzo 50i,32,2,5,4000,720 x 1600,Android,6.5,3599
Samsung,Galaxy A03,64,4,5,4000,720 x 1600,Android,6.5,5249
Samsung,Galaxy A03,64,4,5,4000,720 x 1600,Android,6.5,5249
Apple,iPhone 13,128,4,12,3000,1170 x 2532,iOS,6.1,33333
Samsung,Galaxy A04,32,3,5,4000,720 x 1600,Android,6.5,4849
Samsung,Galaxy A04e,32,3,5,4000,720 x 1600,Android,6.5,4199
Nokia,C21 Plus,64,3,5,4000,720 x 1600,Android,6.5,4799
Honor,X9A,128,8,16,5000,1080 x 2400,Android,6.67,16499
Infinix,Smart 6,32,2,5,4000,720 x 1600,Android,6.6,3349
Samsung,Galaxy A53 5G,128,8,32,4000,1080 x 2400,Android,6.5,16499
Oppo,A16K,32,3,5,4000,720 x 1600,Android,6.5,4249
Xiaomi,Redmi 10A,128,4,5,4000,720 x 1600,Android,6.53,5999
Samsung,Galaxy A04,64,4,5,4000,720 x 1600,Android,6.5,5249
Nokia,C10,32,2,5,3000,720 x 1600,Android,6.5,2799
Infinix,Smart 6,32,2,5,4000,720 x 1600,Android,6.6,3130
Nokia,C21 Plus,64,3,5,4000,720 x 1600,Android,6.5,4799
Samsung,Galaxy A34,256,8,13,4000,1080 x 2340,Android,6.6,12199
Huawei,Nova 9 SE,128,8,16,3000,1080 x 2388,Android,6.7,13255
realme,Narzo 50i,32,2,5,4000,720 x 1600,Android,6.5,3599
Samsung,Galaxy A03,32,3,5,4000,720 x 1600,Android,6.5,4699
Oppo,Reno 7,256,8,32,4000,1080 x 2400,Android,6.4,12999
Samsung,Galaxy A04e,64,3,5,4000,720 x 1600,Android,6.5,4599
iKU,A6,32,1,2,1000,720x1600,Android,5.5,2600
Samsung,Galaxy A34,256,8,13,4000,1080x2340,Android,6.6,12199
Xiaomi,Redmi Note 12 4G,128,8,13,4000,1080 x 2400,Android,6.6,8349
Samsung,Galaxy A53 5G,128,8,32,4000,1080 x 2400,Android,6.5,16499
Samsung,Galaxy A53 5G,256,8,32,4000,1080 x 2400,Android,6.5,16099
Samsung,Galaxy A03,64,4,5,4000,720 x 1600,Android,6.5,5249
Samsung,Galaxy A03,128,4,5,4000,720 x 1600,Android,6.5,5399
Samsung,Galaxy A03,128,4,5,,,Android,6.5,5399
Samsung,Galaxy A03,32,3,5,4000,720 x 1600,Android,6.5,4699
Samsung,Galaxy A73,256,8,32,4000,1080 x 2400,Android,6.7,21999
Oppo,A16K,32,3,5,4000,720 x 1600,Android,6.5,4199
Oppo,A57,64,4,8,4000,720 x 1612,Android,6.5,5799
Samsung,Galaxy A13,64,4,8,4000,1080 x 2408,Android,6.6,5349
Samsung,Galaxy A53,256,8,32,4000,1080 x 2400,Android,6.5,16499
Xiaomi,Redmi 10A,32,2,5,4000,720 x 1600,Android,6.5,3999
Xiaomi,Poco C40,64,4,5,5000,720 x 1650,Android,6.7,5099
Samsung,Galaxy A34,256,8,13,4000,1080x2340,Android,6.6,12199
Samsung,Galaxy A54,256,8,32,4000,1080x2340,Android,6.4,18499
Samsung,Galaxy A24,128,6,13,4000,1080 x 2340,Android,6.5,7523
Honor,X8A,128,8,16,4000,1080 x 2388,Android,6.7,11499
Xiaomi,Redmi 10A,32,2,5,4000,720 x 1600,Android,6.5,3999
Samsung,Galaxy A34,256,8,13,4000,1080x2340,Android,6.6,12199
Nokia,105 (2023),Unidentified,,Not,1000,120 x 160,,1.8,799
realme,10,128,8,16,4000,1080 x 2400,Android,6.4,7195
Vivo,Y02,32,3,5,4000,1600 × 720,Android,6.5,4090
Apple,iPhone 12,128,4,12,2000,1170 x 2532,iOS,6.1,28500
Samsung,Galaxy A53 5G,128,8,32,4000,1080 x 2400,Android,6.5,16499
Samsung,Galaxy A03,128,4,5,,,Android,6.5,5399
Xiaomi,Redmi 10 2022,128,4,8,4000,1080 × 2400,Android,6.5,5999
Oppo,Oppo A16K,64,4,5,4000,720 x 1600,Android,6.5,4749
Xiaomi,Redmi 9A,32,2,5,4000,720 x 1600,Android,6.5,3299
realme,C21Y,32,3,5,4000,720 x 1600,Android,6.5,3749
Vivo,Vivo Y21 64GB,64,4,8,5000,720 x 1600 pixels,Android,6.5,5149
realme,C30,32,2,5,4000,720x1600,Android,6.5,3499
Samsung,Galaxy A03 Core,32,2,5,4000,720 × 1600,Android,6.5,3899
Oppo,Reno 7 5G,256,8,32,4000,1080 x 2400,Android,6.4,12349
Apple,iPhone 12,128,4,12,2000,1170 x 2532,iOS,6.1,30499
Samsung,Galaxy A04,32,3,5,4000,720 x 1600,Android,6.5,4849
Vivo,Y22,64,4,8,4000,720 x 1612,Android,6.5,5998
Xiaomi,Redmi 10A,128,4,5,4000,720 x 1600,Android,6.5,5410
Samsung,Galaxy A04e,64,3,5,4000,720 x 1600,Android,6.5,4300
Samsung,Galaxy S22 Ultra,256,12,40,4000,1440 x 3088,Android,6.8,37999
Oppo,A55,64,4,16,4000,720 x 1600 pixels,Android,6.5,5999
Infinix,Smart 6 HD,32,2,5,4000,720X1600,Android,6.6,3130
Huawei,Nova Y90,128,8,8,5000,1080x2388,EMUI,6.7,8519
Samsung,Galaxy A34,128,8,13,4000,1080 x 2340,Android,6.6,10949
Samsung,Galaxy A24,128,4,13,4000,1080 x 2340,Android,6.5,7099
Apple,iPhone 14 Pro Max,256,6,12,4000,1290 x 2796,iOS,6.7,55499
Honor,X9A,128,8,16,5000,1080 x 2400,Android,6.67,16499
Xiaomi,Redmi 12,256,8,8,4000,2460x1080,Android,6.7,8095
Samsung,Galaxy M52,128,8,32,5000,1080 X 2400,Android,6.7,11999
Oppo,A16,32,3,8,4000,720 x 1600,Android,6.5,4699
Infinix,Smart 6,32,2,5,4000,720 x 1600,Android,6.6,3549
Huawei,Nova 9,128,8,32,4000,1080 x 2400,HarmonyOS,6.5,14373
Samsung,Galaxy A53 5G,256,8,32,4000,1080 x 2400,Android,6.5,17999
realme,Narzo 50A,64,4,8,5000,720 x 1600,Android,6.5,4949
Xiaomi,Redmi 10C,64,4,5,4000,720 x 1650,Android,6.7,5253
Samsung,Galaxy A73,128,8,32,4000,(1080 x 2400),Android,6.7,17599
Samsung,Galaxy A73,128,8,32,4000,(1080 x 2400),Android,6.7,18500
Samsung,Galaxy A73,256,8,32,4000,(1080 x 2400),Android,6.7,21999
Samsung,Galaxy A73,256,8,32,4000,(1080 x 2400),Android,6.7,21999
realme,C11 2021,32,2,5,4000,720 x 1600 pixels,Android,6.5,3415
realme,C11 2021,32,2,5,4000,720 x 1600 pixels,Android,6.5,3449
Xiaomi,Redmi 9C,64,3,5,4000,720x1600 ,Android,6.5,4650
Infinix,Smart 6,64,3,5,4000,720 × 1600,Android,6.6,3799
Samsung,Galaxy Z Flip 5,256,8,10,3000,1080 x 2640,Android,6.7,33550
Samsung,Galaxy A04s,64,4,5,4000,720 × 1600,Android,6.5,4877
Samsung,Galaxy A04s,64,4,5,4000,720 × 1600,Android,6.5,5649
Oppo,Reno7,128,8,32,4000,1080 x 2400,Android,6.4,11999
Vivo,Y02s,32,3,5,4000,720 x 1600,Android,6.5,4050
Oppo,Oppo A54,64,4,16,4000,720 x 1600,Android,6.51,6199
Nokia,G21,128,4,8,5000,720 x 1600,Android,6.5,5649
Samsung,Galaxy S22 Ultra,256,12,40,4000,1440 x 3088,Android,6.8,37999
Vivo,Y73,128,8,16,3000,1080 x 2400,Android,6.4,8400
Infinix,Hot 12,64,4,8,4000,‎720x1612,Android,6.6,4349
Vivo,Y16,64,4,5,4000,720 x 1600,Android,6.5,5440
Infinix,Smart 6 Plus,64,2,8,4000,720 x 1600,Android,6.6,3349
Samsung,Galaxy A14,128,4,13,4000,1080 x 2408,Android,6.6,5899
Apple,iPhone 12,256,4,12,2000,1170 x 2532,iOS,6.1,31499
Samsung,Galaxy A54 5G,128,8,32,4000,1080 x 2340,Android,6.4,17499
Samsung,Galaxy A54,128,8,32,4000,1080 x 2340,Android,6.4,17499
Oppo,A77s,128,8,8,4000,720x1612,Android,6.5,7777
Oppo,Reno 8T,256,8,32,4000,1080 x 2400,Android,6.4,11999
Samsung,Galaxy S23,256,8,12,3000,1080 x 2340,Android,6.1,38999
Huawei,nova 10 SE,256,8,16,4000,1080 x 2400,EMUI,6.6,13899
Huawei,nova 10 SE,256,8,16,4000,1080 x 2400,EMUI,6.6,14699
Samsung,Galaxy A14,64,4,13,4000,1080 x 2408,Android,6.6,5540
Xiaomi,Redmi Note 12S,256,8,16,4000,1080x2400,Android,6.4,10899
Apple,iPhone 14 Pro Max,256,6,12,4000,1290 x 2796,iOS,6.7,54999
Xiaomi,Redmi 12 4G,128,8,8,4000,1080 x 2460,Android,6.7,7349
Samsung,Galaxy A24,128,6,13,4000,1080x2340,Android,6.5,7670
Apple,Iphone 14,128,4,12,3000,1170x2532,iOS,6.1,34999
realme,C51,128,4,5,4000,720 x 1600,Android,6.7,6999
realme,11 Pro Plus,512,12,32,4000,1080 x 2412,Android,6.7,16999
realme,11 Pro Plus,512,12,32,4000,1080 x 2412,Android,6.7,16999
realme,11 Pro Plus,512,12,32,4000,1080 x 2412,Android,6.7,16999
Oppo,A98,256,8,32,4000,1080 x 2412,Android,6.7,12099
Oppo,A98,256,8,32,4000,1080 x 2412,Android,6.7,12099
Xiaomi,Poco X4 Pro,128,6,16,4000,1080 x 2400,Android,6.6,11500
realme,C21Y,64,4,5,4000,720 x 1600,Android,6.5,4359
Xiaomi,Redmi 12 4G,128,8,8,4000,1080 x 2460,Android,6.7,7699
Apple,iPhone 13,128,4,12,3000,1170 x 2532,iOS,6.1,27999
Apple,iPhone 13,128,4,12,3000,1170 x 2532,iOS,6.1,27999
Apple,iPhone 11,128,4,12,3000,1792 × 828,iOS,6.1,24000
Xiaomi,Redmi 12,256,8,8,4000,2460x1080,Android,6.7,8250
Xiaomi,Redmi 12,256,8,8,4000,2460x1080,Android,6.7,8250
Samsung,Galaxy A14,64,4,13,4000,1080 x 2408,Android,6.6,5150
Apple,iPhone 14,128,4,12,3000,1170 x 2532,iOS,6.1,35999
Samsung,Galaxy A32,128,6,20,4000,,Android,6.4,9999
Apple,iPhone 13,128,4,12,3000,1170 x 2532,iOS,6.1,30299
Xiaomi,Redmi 10A,64,3,5,4000,720 × 1600,Android,6.5,4599
Oppo,A16K,64,4,5,,,Android,6.5,5299
Apple,iPhone 11,128,4,12,3000,1792 × 828,iOS,6.1,23350
Honor,X7,128,4,8,4000,1600x720,Android,6.7,6600
Xiaomi,Redmi Note 11,128,6,13,4000,1080 x 2400,Android,6.4,7899
Apple,iPhone 14 Pro,256,6,12,3000,1179 x 2556,iOS,6.1,50400
Samsung,Galaxy A14,128,4,13,4000,1080 x 2408,Android,6.6,5567
Oppo,A96,256,8,16,4000,1080 x 2412,Android,6.5,9299
Samsung,Galaxy A24,128,6,13,4000,1080 x 2340,Android,6.5,7523
Apple,iPhone 13,128,4,12,3000,1170 x 2532,iOS,6.1,31500
realme,10,256,8,16,4000,1080 x 2400,Android,6.4,8595
Xiaomi,Redmi 12C,128,4,5,4000,1650 × 720,Android,6.71,5250
Xiaomi,Redmi 10C,64,4,5,5000,720x1650,Android,6.7,5099
Oppo,Reno7,128,8,32,4000,1080 x 2400,Android,6.4,11999
Xiaomi,Redmi 12C,64,3,5,4000,1650 × 720,Android,6.71,4463
Xiaomi,Redmi Note 12S,256,8,16,4000,1080x2400,Android,6.4,10998
Samsung,Galaxy M33,128,8,8,5000,1080 x 2408,Android,6.6,9695
Samsung,Galaxy A13,64,4,8,4000,1080 x 2408,Android,6.6,5550
Vivo,Y73,128,8,16,3000,1080 x 2400,Android,6.4,8999
Xiaomi,Redmi 12C,128,4,5,4000,720 x 1650,Android,6.71,5555
Xiaomi,Redmi 12C,128,4,5,4000,1650 × 720,Android,6.7,4950
Samsung,Galaxy A32,128,6,20,4000,,Android,6.4,12899
Xiaomi,Redmi 10C,128,4,5,4000,(720 x 1650),Android,6.4,5672
realme,C25Y,128,4,8,4000,720 x 1600 pixels,Android,6.5,5333
realme,C21Y,64,4,5,4000,720 x 1600,Android,6.5,4150
Oppo,A16,64,4,8,4000,720 x 1600,Android,6.5,5309
Oppo,A16,64,4,8,4000,720 x 1600,Android,6.5,5990
Huawei,nova Y70,128,4,8,5000,720 x 1600,EMUI,6.7,6285
realme,9i,128,6,16,,,Android,6.6,6995
Oppo,A76,128,6,8,4000,720 x 1612,Android,6.5,7199
Oppo,A96,128,8,16,4000,1080 x 2412,Android,6.5,8049
Samsung,Galaxy A14,64,4,13,4000,1080 x 2408,Android,6.6,5136
Xiaomi,Redmi Note 12,128,6,13,4000,1080x2400,Android,6.6,7980
Xiaomi,Redmi 12C,64,3,5,4000,1650 × 720,Android,6.7,4450
Xiaomi,Redmi 12C,64,3,5,4000,1650 × 720,Android,6.7,4450
Xiaomi,Redmi 12C,128,4,5,4000,1650 × 720,Android,6.7,4950
Xiaomi,Redmi Note 12,128,6,13,4000,1080x2400,Android,6.6,7749
Oppo,A17K,64,3,5,4000,,Android,6.52,5999
Nokia,Nokia 103,Unidentified,4,Unidentified,1000,120 x 160,,1.8,825
realme,Realme C33,64,4,5,4000,720 x 1600,Android,6.5,4890
realme,Realme C33,64,4,5,4000,720 x 1600,Android,6.5,4880
realme,Realme C31,32,3,5,4000,720 x 1600,Android,6.5,3700
Honor,X8,128,6,16,3000,1080 x 2388,Android,6.7,8399
Samsung,Galaxy A34,128,8,13,4000,1080 x 2340,Android,6.6,11000
Xiaomi,Redmi 12C,128,6,5,4000,720 x 1650,Android,6.71,5998
Xiaomi,Redmi 12C,128,6,5,4000,720 x 1650,Android,6.71,5965
Xiaomi,Redmi Note 12 Pro,128,8,16,4000,1080 x 2400,Android,6.67,11709
Xiaomi,Redmi 12C,128,6,5,4000,720 x 1650,Android,6.71,6140
Xiaomi,Redmi 12C,128,4,5,4000,1650 × 720,Android,6.7,4950
Samsung,Galaxy A53 5G,128,8,32,4000,1080 x 2400,Android,6.5,14999
Apple,IPhone 11,128,4,12,3000,828 x 1792,iOS,6.1,23350
Samsung,A34,128,8,13,4000,1080 x 2340,Android,6.6,10625
Samsung,Galaxy A52s,128,8,32,4000,1080 x 2400 pixels,Android,6.5,16399
Infinix,Smart 6,32,2,5,4000,720 x 1600,Android,6.6,3699
realme,Narzo 50A,128,4,8,5000,720 x 1600,Android,6.5,5330
Xiaomi,Redmi 10C,64,4,5,4000,720 x 1650,Android,6.7,7124
Samsung,Galaxy A73,128,8,32,4000,(1080 x 2400),Android,6.7,18000
Samsung,Galaxy A04s,128,4,5,4000,720 × 1600,Android,6.5,6981
Samsung,Galaxy M33,128,8,8,5000,1080 x 2408,Android,6.6,9600
Samsung,Galaxy A23,128,4,8,4000,1080 x 2408,Android,6.6,6600
Xiaomi,Redmi 10A,128,4,5,4000,720 x 1600,Android,6.5,5359
Xiaomi,Redmi Note 10s,128,8,13,4000,2400x1080,Android,6.4,8999
realme,C55,256,8,8,4000,1080 x 2400,Android,6.7,7695
Apple,iPhone 14,128,4,12,3000,1170 x 2532,iOS,6.1,34999
Apple,iPhone 11,128,4,12,,1792 × 828,iOS,6.1,23499
Honor,X7,128,4,8,4000,1600x720,Android,6.7,6599
Oppo,A96,256,8,16,4000,1080x2412,Android,6.5,9299
Xiaomi,Redmi Note 10s,128,6,13,4000,2400x1080,Android,6.4,8444
Vivo,Y16,64,4,5,4000,720 x 1600,Android,6.5,5515
Xiaomi,Redmi 9A,32,2,5,4000,720 x 1600,Android,6.5,3120
Oppo,A96,128,8,16,4000,1080 x 2412,Android,6.5,9169
Infinix,Hot 11 Play,64,4,8,5000,1640 x 720,Android,6.8,3800
Oppo,Reno 8,256,8,32,4000,1080 x 2400,Android,6.4,13799
Apple,iPhone 13,128,4,12,3000,2532x1170,iOS,6.1,32500
Samsung,Galaxy A23,128,4,8,4000,1080 x 2408,Android,6.6,6844
Apple,iPhone 14 Pro Max,128,6,12,4000,1290 x 2796,iOS,6.7,49000
Apple,iPhone 12,128,4,12,2000,1170 x 2532,iOS,6.1,28500
realme,C30,32,2,5,4000,720x1600,Android,6.5,3555
Vivo,Y35,128,8,16,4000,1080 x 2408,Android,6.6,8390
Nokia,106 (2023),Unidentified,,Not,1000,120 x 160,,1.8,840
Xiaomi,Redmi Note 12,128,6,13,4000,1080x2400,Android,6.6,7899
Samsung,Galaxy A54,256,8,32,4000,1080 x 2340,Android,6.4,15699
Samsung,Galaxy M22,128,4,13,4000,720 x 1600,Android,6.4,6666
Apple,iPhone 14 Pro Max,128,6,12,4000,1290 x 2796,iOS,6.7,49500
Apple,iPhone 14 Pro,128,6,12,3000,1179 x 2556,iOS,6.1,46500
Apple,iPhone 14 Pro Max,128,6,12,4000,1290 x 2796,iOS,6.7,49500
Samsung,Galaxy S22 Ultra,256,12,40,4000,1440 x 3088,Android,6.8,33500
Samsung,Galaxy A23,128,6,8,4000,1080x2400,Android,6.6,7499
realme,10,256,8,16,4000,1080 x 2400,Android,6.4,8330
Samsung,Galaxy A23,128,6,8,4000,(1080 x 2408),Android,6.6,7523
Apple,Iphone 14,128,4,12,3000,1170x2532,iOS,6.1,34999
Samsung,Galaxy A13,64,4,8,4000,(1080 x 2408),Android,6.6,5250
Xiaomi,Redmi Note 12,128,6,13,4000,1080 x 2400,Android,6.67,8210
Oppo,A76,128,4,8,4000,720 x 1612,Android,6.5,6095
Samsung,Samsung Galaxy Z Flip5,512,8,10,3000,1080 x 2640,Android,6.7,59999
Samsung,Galaxy Z Fold 5,256,12,10,4000,1812 x 2176,Android,7.6,73500
Samsung,Galaxy Z Fold 5,256,12,10,4000,1812 x 2176,Android,7.6,73500
Samsung,Galaxy Z Fold 5,512,12,10,4000,1812 x 2176,Android,7.6,80000
Nokia,110,Less,Less,Not,Below,,,1.7,699
Apple,iPhone 14,128,6,12,3000,1170 x 2532,iOS,6.1,34999
Darago,D1000,Less,Less,Not,4000,,Proprietary,2.8,1099
Samsung,A34,128,8,13,4000,1080 x 2340,Android,6.6,10100
realme,C53,128,6,8,4000,1080 x 2400,Android,6.7,6659
Samsung,Galaxy A13,128,4,8,4000,1080 x 2408,Android,6.6,6000
Samsung,Galaxy M52,128,8,32,5000,1080 X 2400,Android,6.7,11699
Apple,iPhone 11,128,4,12,3000,1792 × 828,iOS,6.1,23500
Apple,iPhone 11,128,4,12,3000,1792 × 828,iOS,6.1,23350
realme,C55,128,6,8,4000,1080 x 2400,Android,6.72,7999
Xiaomi,Redmi Note 12 Pro Plus,256,8,16,4000,1080 x 2400,Android,6.67,15700
Infinix,Smart 6,64,3,5,4000,720 x 1600,Android,6.6,3699
Oppo,Reno 8T,256,8GB,32,4000,1080 x 2412 ,Android,6.7,15999
Xiaomi,Redmi Note 12 4G,128,8,13,4000,1080 x 2400,Android,6.6,8690
Xiaomi,Redmi 12 4G,128,8,8,4000,1080 x 2460,Android,6.7,7349
Benco,V90,128,4,8,4000,720 x 1640,Android,6.8,3970
Benco,V70,64,2,8,4000,720 x 1600,Android,6.5,2899
Benco,V62,32,2,5,3000,720×1600,Android,6.1,2439
Benco,V90,128,4,8,4000,720 x 1640,Android,6.8,3970
Benco,V70,64,2,8,4000,720 x 1600,Android,6.5,2899
Benco,V62,32,2,5,3000,720×1600,Android,6.1,2439
Infinix,Hot 30i,128,8,8,4000,720 x 1612,Android,6.6,5950
Oppo,A16K,32,3,5,4000,720 x 1600,Android,6.5,4199
Samsung,Galaxy A53,256,8,32,4000,1080 x 2400,Android,6.5,14900
Xiaomi,Redmi 10A,64,3,5,4000,720 x 1600,Android,6.5,4520
Vivo,Y1s,32,2,5,4000,720 x 1520,Android,6.2,3499
Samsung,Galaxy S23 Ultra,256,12,12,4000,1440 x 3088,Android,6.8,51499
Samsung,A03 Core,32,2,5,4000,720 x 1600 pixels,Android,6.5,3699
Samsung,Galaxy A13,128,4,8,4000,(1080 x 2408),Android,6.6,5799
Samsung,Galaxy A13,64,4,8,4000,(1080 x 2408),Android,6.6,6199
realme,C25Y,64,4,8,4000,1620x1080,Android,6.5,4999
realme,9i,128,4,16,4000,1080 x 2412,Android,6.6,6599
Apple,Iphone 14 Pro,128,6,12,3000,1179 x 2556,iOS,6.1,47999
Infinix,Hot 20i,64,4,8,4000,720 x 1612,Android,6.6,4360
Samsung,Galaxy A13,64,4,8,4000,(1080 x 2408),Android,6.6,5199
Samsung,Galaxy A13,128,4,8,4000,(1080 x 2408),Android,6.6,6020
realme,C25Y,64,4,8,4000,720 x 1600 pixels,Android,6.5,4399
Vivo,Y22,64,4,8,4000,720 x 1612,Android,6.5,5999
Oppo,A55,64,4,16,4000,720 x 1600 pixels,Android,6.5,5650
Samsung,Galaxy A23,128,4,8,4000,(1080 x 2408),Android,6.6,6600
Xiaomi,Redmi 10C,128,4,5,4000,(720 x 1650),Android,6.4,7481
realme,C21Y,64,4,5,4000,720 x 1600,Android,6.5,4480
Oppo,Reno 6,128,8,32,,,Android,6.4,15624
realme,9i,128,6,16,,,Android,6.6,8531
Xiaomi,Poco C40,32,3,5,5000,720 x 1650,Android,6.7,4399
Samsung,Galaxy A13,128,4,8,4000,1080 x 2408,Android,6.6,7124
realme,C31,32,3,5.1,4000,720 x 1600,Android,6.5,3700
Samsung,Galaxy A23,128,6,8,4000,1080 x 2408,Android,6.6,7450
Apple,iPhone 13,128,4,12,3000,1170 x 2532,iOS,6.1,30299
Vivo,V25e,128,8,32,4000,1080 x 2404 pixels,Android,6.4,12075
Apple,iPhone 12,128,4,12,2000,1170 x 2532,iOS,6.1,28500
Samsung,Galaxy A23,128,6,8,4000,1080 x 2408,Android,6.6,7799
Xiaomi,Poco X5 Pro,256,8,16,4000,1080 x 2400,Android,6.6,15199
Infinix,Hot 20i,128,4,8,4000,720 x 1612,Android,6.6,4690
Infinix,Hot 20i,64,4,8,4000,720 x 1612,Android,6.6,4123
Xiaomi,Redmi 10A,128,4,5,4000,720 x 1600,Android,6.5,5550
Samsung,Galaxy S23 Ultra,256,12,12,4000,1440 x 3088 pixels,Android,6.8,50000
Xiaomi,Redmi 10A,64,4,5,5000,720 x 1600,Android,6.5,4699
Xiaomi,Redmi 10A,64,4,5,5000,720x1600,Android,6.5,4699
realme,Narzo 50A,128,4,8,5000,720 x 1600,Android,6.5,5052
Nokia,130,Less,,Not,1000,,,1.8,690
Xiaomi,Redmi A2 Plus,32,2,5,4000,720 x 1600,Android,6.5,3589
realme,C25Y,128,4,8,4000,720 x 1600 pixels,Android,6.5,4955
Xiaomi,Redmi Note 11,128,6,13,4000,1080 x 2400,Android,6.4,7999
Xiaomi,Redmi Note 10s,128,6,13,4000,2400x1080,Android,6.4,7800
HTC,none,64,4,16,2000,,Nougat,5.7,12499
Lenovo,none,16,2,5,3000,,Lollipop,5,1699
Tecno,none,16,1,5,2000,,,5.5,1815
Xtouch,none,16,2,,,,,5.5,1999
Samsung,none,16,3,13,3000,,,5.2,3999
iKU,S2,32,Less,Unidentified,,,,1.8,580
Apple,iPhone Xs,256,4,7,2000,1125 x 2436 ,iOS,5.8,19900
Nokia,Nokia 105,Less,Less,Unidentified,Below,,,1.8,799
Nokia,Nokia 106,Less,Less,Unidentified,Below,120 x 160 pixels,,1.8,899
Apple,iPhone 11,64,4,12,3000,1792 × 828,iOS,6.1,23000
Oppo,A55,128,4,16,4000,720 x 1600 pixels,Android,6.5,5699
Apple,iPhone XR,128,3,7,2000,828 x 1792,iOS,6.1,21500
iTel,it2160,512,256,Not,,,,1.7,540
iTel,it2160,512,256,Not,,,,1.7,540
Mtouch,A600,Less,Less,Not,Below,,Proprietary,2.4,799
Darago,D1,Less,Less,Not,1000,,,1.7,550
Darago,D1,Less,Less,Not,1000,,,1.7,550
Mtouch,A600,Less,Less,Not,Below,,Proprietary,2.4,799
Xiaomi,Redmi 9A,32,2,5,4000,720 x 1600,Android,6.5,3750
Apple,iPhone 12,64,4,12,2000,1170 x 2532,iOS,6.1,27500
Apple,iPhone 12 Pro Max,256,6,12,3000,1284 x 2778,iOS,6.7,43500
Apple,iPhone 12 Pro Max,256,6,12,3000,1284 x 2778,iOS,6.7,43500
Apple,iPhone 12 Pro Max,512,6,12,3000,1284 x 2778,iOS,6.7,50000
Apple,iPhone 12 Pro Max,256,6,12,3000,1284 x 2778,iOS,6.7,44000
Samsung,S21,128,8,10,3000,,Android,6.2,22700
Samsung,Galaxy A52,256,8,32,4000,1080 x 2400,Android,6.5,19999
Samsung,Galaxy A52,128,8,32,4000,1080 x 2400,Android,6.5,16500
Samsung,Galaxy A52,128,8,32,4000,1080 x 2400,Android,6.5,15999
Samsung,Galaxy A52,256,8,32,4000,1080 x 2400,Android,6.5,18124
Xiaomi,Redmi Note 10 Pro,128,8,16,5000,,Android,6.6,9499
Nokia,110,Less,Less,Not,Below,,,1.7,950
Vivo,Y1s,32,2,5,4000,,Android,6.2,3499
Apple,MY2H2,128,6,7,3000,,iOS,12.9,43000
Oppo,A74,128,6,16,4000,1080 x 2400,Android,6.4,10069
LAVA,E10,512,256,Not,1000,,,1.8,450
Darago,F50,Unidentified,,Unidentified,Below,,,1.7,1400
Xiaomi,Redmi Note 10s,128,6,13,4000,2400x1080,Android,6.4,8444
realme,Realme 8,128,8,16,4000,Resolution 1080 x 2400 Pixel,Android,6.4,8499
Vivo,Y53s,128,8,16,4000,,Android,6.5,8299
Samsung,Galaxy Z Fold 3,256,12,4,4000,1768 x 2208,Android,7.6,44999
Xiaomi,Redmi 10,128,6,8,4000,1080 x 2400,Android,6.5,7320
Xiaomi,Redmi 10,128,6,8,4000,1080 x 2400,Android,6.5,9681
Xiaomi,Redmi 10,128,4,8,4000,1080 x 2400,Android,6.5,7029
Xiaomi,Redmi 10,128,4,8,4000,1080 x 2400,Android,6.5,9161
Apple,iPhone 13 Pro Max,128,6,12,4000,1284x2778,iOS,6.7,47000
Samsung,Galaxy A03s,64,4,5,4000,720 x 1600,Android,6.5,4927
Apple,iPhone 13 Pro Max,256,,12,4000,1284x2778,iOS,6.7,51000
Apple,iPhone 13 Pro Max,256,,12,4000,1284x2778,iOS,6.7,51000
Apple,iPhone 13 Pro Max,256,,12,4000,1284x2778,iOS,6.7,51000
Apple,iPhone 13 Pro Max,128,,12,4000,1284x2778,iOS,6.7,50000
Apple,iPhone 13 Pro Max,128,,12,4000,1284x2778,iOS,6.7,51000
Samsung,Galaxy A03s,64,4,5,4000,720 x 1600,Android,6.5,5699
Apple,iPhone 13 Pro,256,,12,3000,1170 x 2532,iOS,6.1,47999
Apple,iPhone 13 Pro,256,,12,3000,1170 x 2532,iOS,6.1,45000
Apple,iPhone 13 Pro,128,,12,3000,1170 x 2532,iOS,6.1,44000
Apple,iPhone 13 Pro,128,,12,3000,1170 x 2532,iOS,6.1,43999
Apple,iPhone 13 Pro,128,,12,3000,1170 x 2532,iOS,6.1,44000
Apple,iPhone 13 Pro,128,,12,3000,1170 x 2532,iOS,6.1,44000
Nokia,Nokia G10,64,4,8,5000,,Android,6.5,5690
Nokia,Nokia G20 TA,128,4,8,5000,,Android,6.5,5499
LAVA,E5,Unidentified,,Unidentified,1000,HD,,1.7,440
Nokia,Nokia C1 2E,16,1,5,2000,720 x 1440 pixels,Android,5.4,1995
Infinix,Hot 11,64,4,8,5000,1080 x 2408 pixels,Android,6.6,5299
Infinix,Hot 11,64,4,8,5000,1080 x 2408 pixels,Android,6.6,4888
realme,C25s,128,4,8,5000,720 x 1600 pixels,Android,6.5,5297
realme,C25s,128,4,8,5000,720 x 1600 pixels,Android,6.5,5297
Nokia,5310,Less,Less,Not,1000,,,2.4,1799
Nokia,125,Less,Less,Not,1000,240 x 320,,2.4,1340
Oppo,A16,32,3,8,4000,720 x 1600,Android,6.5,4777
Apple,iphone 11,64,4,12,3000,828x1792 pixels,iOS,6.1,23500
Apple,iPhone 11,128,4,12,3000,828x1792 pixels,iOS,6.1,23500
Apple,iPhone 11,128,4,12,3000,828x1792 pixels,iOS,6.1,23500
Apple,iPhone 11,128,4,12,3000,828x1792 pixels,iOS,6.1,23000
Apple,iPhone 11,64,4,12,3000,828x1792 pixels,iOS,6.1,23500
Apple,iPhone 12,128,4,12,2000,1170x2532,iOS,6.1,28500
Apple,iPhone 11,128,4,12,3000,828x1792 pixels,iOS,6.1,23500
Apple,iPhone 11,128,4,12,3000,828x1792 pixels,iOS,6.1,23500
Apple,iPhone 11,128,4,12,3000,828x1792 pixels,iOS,6.1,23500
Apple,iPhone 11,128,4,12,3000,828x1792 pixels,iOS,6.1,23000
Apple,iPhone 11,64,4,12,3000,828x1792 pixels,iOS,6.1,23500
Samsung,Samsung Galaxy S21 FE,128,8,32,4000,,Android,6.4,21500
Samsung,Samsung Galaxy S21 FE,128,8,32,4000,,Android,6.4,22000
Samsung,Samsung Galaxy S21 FE,128,8,32,4000,,Android,6.4,21999
Samsung,Samsung Galaxy S21 FE,128,8,32,4000,,Android,6.4,20000
Apple,iPhone 13,128,4,12,3000,1170 x 2532,iOS,6.1,33000
Apple,iPhone 13,256,4,12,3000,1170 x 2532,iOS,6.1,35999
Apple,iPhone 13,256,4,12,3000,1170 x 2532,iOS,6.1,35999
Apple,iPhone 13,256,4,12,3000,1170 x 2532,iOS,6.1,35800
Infinix,Smart 6,64,3,5,4000,720 x 1600,Android,6.6,3799
Apple,iPhone 11,128,4,12,3000,828 x 1792 pixels,iOS,6.1,22500
Xiaomi,Redmi Note 11,128,4,13,4000,1080 x 2400,Android,6.4,7350
Samsung,Galaxy S22,128,8,12,3000,,Android,6.1,24499
Samsung,Galaxy S22,128,8,12,3000,,Android,6.1,23700
Samsung,Galaxy S22 Ultra,256,12,40,4000,,Android,6.8,33500
Samsung,Galaxy S22 Ultra,256,12,40,4000,,Android,6.8,33500
realme,9i,128,6,16,4000,1080 x 2412,Android,6.6,7555
Xiaomi,Redmi 9C,128,4,5,4000,720x1600,Android,6.5,5399
Apple,none,,,,,,,,12400
Samsung,A03 core,32,2,5,4000,,,,4960
Apple,IPHONE 13 PRO MAX,128,6,12,4000,,iOS,,49000
Apple,iPhone 13 Pro Max,128,6,12,4000,,,,49000
Apple,iPhone 13 Pro Max,256,,12,4000,,,,51699
Apple,none,128,,12,4000,,,,58749
Nokia,none,16,,5,2000,,,,2400
Samsung,Galaxy A03,128,4,5,4000,720 x 1600,Android,6.5,6715
Mtouch,A600,Less,,Not,Below,,Proprietary,2.4,799
iTel,It2173,Less,Less,Not,Below,,,1.7,550
iTel,It2173,Less,Less,Not,Below,,,1.7,666
Darago,D10,Less,Less,Not,1000,,Proprietary,1.7,550
Apple,Iphone 13 Pro Max,128,6,12,4000,(1284 x 2778),iOS,6.7,48000
Apple,Iphone 13 Pro Max,256,6,12,4000,(1284 x 2778),iOS,6.7,51000
Apple,Iphone 13 Pro,256,6,12,3000,(1170 x 2532),iOS,6.1,45000
Apple,Iphone 13,128,4,12,3000,(1170 x 2532),iOS,6.1,31500
Samsung,Galaxy A23,128,4,8,4000,(1080 x 2408),Android,6.6,7200
Samsung,Galaxy A23,128,4,8,4000,(1080 x 2408),Android,6.6,6899
Samsung,Galaxy A73,256,8,32,4000,(1080 x 2400),Android,6.7,21499
Samsung,Galaxy A33,128,8,13,4000,(1080 x 2400),Android,6.4,12500
Samsung,Galaxy A33,128,8,13,4000,(1080 x 2400),Android,6.4,11999
Samsung,Galaxy A33,128,8,13,4000,(1080 x 2400),Android,6.4,12500
Samsung,Galaxy A33,128,8,13,4000,(1080 x 2400),Android,6.4,13500
Huawei,Huawei Nova 9 SE,Unidentified,,Unidentified,,,,,9500
Apple,iPhone 13,128,4,12,3000,2532x1170,iOS,6.1,30500
Apple,iPhone 11,128,4,12,3000,,iOS,6.1,23500
LAVA,E5,Less,,Unidentified,1000,HD,,1.7,440
Xiaomi,Redmi 9C,128,4,5,4000,720 x 1600,Android,6.5,5399
iTel,P37,32,2,13,4000,720 x 1600,Android,6.5,3874
iTel,P37,32,2,13,4000,720 x 1600,Android,6.5,3874
iTel,P37,32,2,13,4000,720 x 1600,Android,6.5,3874
Infinix,Hot 11 Play,64,4,8,5000,1640 x 720,Android,6.8,3800
Xiaomi,Redmi 10C,64,4,5,4000,720 x 1650,Android,6.7,5099
Xiaomi,Redmi Note 11,64,4,13,4000,1080 x 2400,Android,6.4,6699
iKU,S1,Less,32,Unidentified,Below,,,1.8,530
iKU,S1,Less,32,Unidentified,Below,,,1.8,530
iKU,S1,Less,32,Unidentified,Below,,,1.8,475
iKU,S1 Mini,Less,32,Unidentified,Below,,,1.8,475
iKU,S1 Mini,Less,32,Unidentified,Below,,,1.8,450
iKU,S1 Mini,Less,32,Unidentified,Below,,,1.8,475
Xiaomi,Redmi 10C,64,4,5,4000,720 x 1650,Android,6.7,6199
Nokia,C10,16,1,5,3000,720 x 1600,Android,6.5,2799
Nokia,C10,16,1,5,3000,720 x 1600,Android,6.5,2799
Oppo,Reno7,256,8,32,4000,1080 x 2400,Android,6.4,12999
Oppo,Reno7,256,8,32,4000,1080 x 2400,Android,6.4,12999
Huawei,nova Y70,128,4,8,5000,720 x 1600,EMUI,6.7,6599
Oppo,A16K,32,3,5,4000,720 x 1600,Android,6.5,4199
Benco,E11,Unidentified,,Unidentified,1000,,,1.8,499
Oppo,Oppo A16K,64,4,5,4000,720 x 1600,Android,6.5,4897
Apple,iPhone 13 Pro Max,1,6,12,4000,1284 x 2778,iOS,6.7,57000
iKU,IKU V400,4,512,VGA,1000,,,2.4,1499
Oppo,A55,64,4,16,4000,720 x 1600 pixels,Android,6.5,7499
Apple,iPhone 11,128,4,12,3000,828 x 1792,iOS,6.1,23500
Xiaomi,Redmi 10C,128,4,5,4000,720 x 1650,Android,6.4,5475
Xiaomi,Redmi 9C,32,2,5,4000,720x1600,Android,6.5,5031
Apple,iPhone 14 Pro Max,512,6,12,4000,1290 x 2796,iOS,6.7,63000
Apple,iPhone 14 Pro Max,512,6,12,4000,1290 x 2796,iOS,6.7,63000
Apple,iPhone 14 Pro Max,512,6,12,4000,1290 x 2796,iOS,6.7,62999
Apple,iPhone 14 Pro Max,512,6,12,4000,1290 x 2796,iOS,6.7,62999
Apple,Iphone 14,256,4,12,3000,1170x2532,iOS,6.1,39000
Apple,Iphone 14,256,4,12,3000,1170x2532,iOS,6.1,41000
Oppo,A76,128,6,8,4000,720 x 1612,Android,6.5,7385
Oppo,A95,128,8,16,4000,1080 x 2400,Android,6.4,9999
Apple,iPhone 14 Pro,256,6,12,3000,1179 x 2556,iOS,6.1,48000
Apple,iPhone 14 Pro Max,256,6,12,4000,1290 x 2796,iOS,6.7,55199
Samsung,Galaxy Z Flip 4,256,8,10,3000,1080 x 2640,Android,6.7,32888
Samsung,Galaxy Z Fold 4,256,12,4,4000,1812 x 2176,Android,7.6,51999
Samsung,Galaxy Z Flip 6,256,8,10,3000,1080 x 2640,Android,6.7,32600
Samsung,Galaxy Z Fold 4,256,12,4,4000,1812 x 2176,Android,7.6,53999
Samsung,Galaxy Z Fold 4,256,12,4,4000,1812 x 2176,Android,7.6,52000
Samsung,Galaxy A03 Core,32,2,5,4000,720 x 1600 pixels,Android,6.5,3640
Oppo,Reno 8,256,8,32,4000,1080 x 2400,Android,6.4,15000
Unitronics,UNI X1,Less,,Not,Below,128 x 160,,1.7,500
Apple,iPhone 13,128,4,Dual,3000,1170 x 2532,iOS,6.1,30299
Apple,iPhone 13,128,4,Dual,3000,1170 x 2532,iOS,6.1,30500
Apple,iPhone 13 Pro Max,256,6,Dual,3000,1284 x 277,iOS,6.7,50900
Apple,iPhone 13 Pro Max,256,6,Dual,3000,1284 x 277,iOS,6.7,51000
Apple,iPhone 13,128,4,Dual,3000,1170 x 2532,iOS,6.1,30299
Apple,iPhone 13,128,4,Dual,3000,1170 x 2532,iOS,6.1,30299
Apple,iPhone 13 Pro Max,256,6,Dual,3000,1284 x 277,iOS,6.7,47999
iTel,P38,32,2,5,4000,720x1612,Android,6.6,3099
Infinix,Hot 11 Play,64,4,8,5000,720 x 1640,Android,6.8,4199
iKU,X4,64,4,5,3000,1560X720,Android,6.4,4199
iKU,X4,64,4,5,3000,1560X720,Android,6.4,4199
iKU,X4,64,2,5,3000,1560X720,Android,6.4,4199
Blackview,A55 Pro,64,4,5,4000,720X1600,Android,6.5,7499
Blackview,A55 Pro,64,4,5,4000,720X1600,Android,6.5,7499
Blackview,A55,16,3,5,4000,720X1600,Android,6.5,6499
Blackview,A55,16,3,5,4000,720X1600,Android,6.5,6499
Blackview,A55,16,3,5,4000,720X1600,Android,6.5,6499
Blackview,A55,16,3,5,4000,720X1600,Android,6.5,6499
Blackview,A50,64,3,5,4000,720X1560,Android,6.1,6799
Blackview,A50,64,3,5,4000,720X1560,Android,6.1,6799
Blackview,Tab 6,32,3,2,5000,720X1560,Android,8,7500
Blackview,A80 Plus,64,4,8,4000,720X1560 pixels,Android,6.4,7499
Blackview,A100,128,6,8,4000,1080X2400,Android,6.6,7999
Blackview,A100,128,6,8,4000,1080X2400,Android,6.6,7999
Blackview,A100,128,6,8,4000,1080X2400,Android,6.6,7999
Blackview,A100,128,6,8,4000,1080X2400,Android,6.6,7999
Samsung,Galaxy A13,128,4,8,4000,1080 x 2408,Android,6.6,6399
Blackview,A100,128,6,8,4000,1080X2400,Android,6.6,7999
Blackview,A100,128,6,8,4000,1080X2400,Android,6.6,7999
Blackview,A100,128,6,8,4000,1080X2400,Android,6.6,7999
Blackview,A100,128,6,8,4000,1080X2400,Android,6.6,7999
Samsung,Galaxy A13,128,4,8,4000,1080 x 2408,Android,6.6,6399
Xiaomi,9C,64,3,5,4000,720 x 1600 pixels,Android,6.5,4699
Xiaomi,none,Unidentified,,Unidentified,,,,,6275
realme,C11 2021,64,4,5,4000,720 x 1600,Android,6.5,5999
realme,C30s,64,4,5,4000,720 x 1600,Android,6.5,3257
Xiaomi,Redmi 10 2022,128,4,8,4000,1080 × 2400,Android,6.5,8200
Xiaomi,Redmi 10A,64,3,5,4000,720 x 1600,Android,6.5,4520
Xiaomi,Redmi 9C,64,3,5,4000,720 x 1600,Android,6.5,4499
Oppo,A76,128,4,8,4000,720 x 1612,Android,6.5,6499
Xiaomi,Redmi A1 Plus,32,2,5,4000,720 x 1600,Android,6.52,3840
Infinix,Smart 6 Plus,64,2,5,4000,720 x 1600,Android,6.8,4080
realme,C35 2022,128,4,8,4000,1080 x 2408,Android,6.6,7249
Apple,MK2L3AB-A,64,3,12,8001-9000mAh,,iOS,10.2,17777
Apple,MK4E3AB-A,256,3,12,8001-9000mAh,,iOS,10.2,31900
Apple,IPhone 14 Plus,256,6,12,4000,1284 x 2778,iOS,6.7,42500
Apple,iPhone 14 Pro Max,256,6,12,4000,1290 x 2796,iOS,6.7,53000
Apple,IPhone 14 Pro Max,128,6,12,4000,1290 x 2796,iOS,6.7,51000
Nokia,105,Less,Less,Unidentified,Below,,,1.8,525
Nokia,5310,Less,Less,Not,1000,240 x 320,,2.4,1299
Samsung,Galaxy A13,128,4,8,4000,1080 x 2408,Android,6.6,6300
Samsung,Galaxy A13,64,4,8,4000,1080 x 2408,Android,6.6,5999
Samsung,Galaxy A23,128,4,8,4000,1080 x 2408,Android,6.6,7000
Nokia,C10,32,2,5,3000,720 x 1600,Android,6.5,2777
Nokia,C10,32,2,5,3000,720 x 1600,Android,6.5,2680
Samsung,Galaxy S22 Ultra,256,12,40,4000,1440 x 3088,Android,6.8,33000
Samsung,Galaxy Z Fold4,256,12,4,4000,1812 x 2176,Android,7.6,52000
Google,Pixel 7 Pro,128,12,10.8,4000,1440 x 3120,Android,6.7,31999
Apple,iPhone 13,128,4,12,3000,1170 x 2532,iOS,6.1,30299
Apple,iPhone 13,128,4,12,3000,1170 x 2532,iOS,6.1,30299
Apple,iPhone 13,128,4,12,3000,1170 x 2532,iOS,6.1,31000
Apple,iPhone 13,128,4,12,3000,1170 x 2532,iOS,6.1,30299
Apple,iPhone 13,128,4,12,3000,1170 x 2532,iOS,6.1,31500
Samsung,Galaxy S22 Ultra,256,12,40,4000,1440 x 3088,Android,6.8,36699
Honor,50,128,6,32,4000,1080 x 2340 pixels,Android,6.5,11299
Blackview,A90,64,4,8,4000,720 x 1560,Android,6.3,7499
Blackview,A90,64,4,8,4000,720 x 1560,Android,6.3,7499
Blackview,A90,64,4,8,4000,720 x 1560,Android,6.3,7499
Blackview,A80s,64,4,5,4000,720 x 1520,Android,6.2,7499
Blackview,A80s,64,4,5,4000,720 x 1520,Android,6.2,7499
Blackview,A80,16,2,5,4000,720 x 1520,Android,6.2,5999
Blackview,A80,16,2,5,4000,720 x 1520,Android,6.2,5999
Blackview,A70 Pro,32,4,5,5000,720 x 1600,Android,6.5,6999
Blackview,A70 Pro,32,4,5,5000,720 x 1600,Android,6.5,6999
Blackview,A70 Pro,32,4,5,5000,720 x 1600,Android,6.5,6999
Benco,C25,Less,,Not,1000,,Android,2.4,680
Benco,E20,32,,Unidentified,1000,,,2.4,777
Benco,C25,Less,,Unidentified,1000,,,2.4,680
Oppo,Find X5 Lite,256,8,32,4000,1080 x 2400,Android,6.4,15999
Samsung,Galaxy Note 10+,256,12,10,4000,1440 x 3040,Android,6.8,19999
Samsung,Galaxy S21 Ultra,256,12,40,4000,1440 x 3200,Android,6.8,27999
Samsung,Galaxy Z Fold 4,256,12,10,4000,1812 x 2176,Android,7.6,53000
Infinix,Smart 6 Plus,64,3,5,4000,720 x 1600,Android,6.8,3865
Infinix,Smart 6 Plus,64,3,5,4000,720 x 1600,Android,6.8,3749
Infinix,Smart 6 Plus,64,3,5,4000,720 x 1600,Android,6.8,3720
realme,C30s,64,4,5,4000,720 x 1600,Android,6.5,4920
realme,C30s,32,2,5,4000,720 x 1600,Android,6.5,3838
realme,C30,32,2,5,4000,720 x 1600,Android,6.5,3720
realme,C30,32,2,5,4000,720 x 1600,Android,6.5,3720
Honor,Honor 70,256,8,32,4000,"1080 x 2400 pixels, 20:9 ratio",Android,,21500
realme,C25Y,128,4,8,4000,720 x 1600,Android,6.5,4955
Samsung,Galaxy S23 Ultra,256,8,12,4000,1440 x 3088 pixels,Android,6.8,40000
Samsung,Galaxy S23 Ultra,512,12,12,4000,1440 x 3088 pixels,Android,6.8,60000
Samsung,Galaxy S23 Ultra,512,12,12,4000,1440 x 3088 pixels,Android,6.8,60000
Samsung,Galaxy S23 Ultra,512,12,12,4000,1440 x 3088 pixels,Android,6.8,60000
Samsung,Galaxy S23 Ultra,256,8,12,4000,1440 x 3088 pixels,Android,6.8,48000
Samsung,Galaxy S23 Ultra,256,8,12,4000,1440 x 3088 pixels,Android,6.8,49000
Samsung,Galaxy S23 Ultra,256,8,12,4000,1440 x 3088 pixels,Android,6.8,50000
Samsung,Galaxy S23 Ultra,256,12,12,4000,1440 x 3088 pixels,Android,6.8,44999
Samsung,Galaxy S23 Ultra,256,12,12,4000,1440 x 3088 pixels,Android,6.8,40000
Samsung,Galaxy S23 Ultra,256,12,12,4000,1440 x 3088 pixels,Android,6.8,50000
Samsung,Galaxy S23 Ultra,512,12,12,4000,1440 x 3088 pixels,Android,6.8,60000
Samsung,Galaxy S23,128,8,12,3000,1080 x 2340 pixels,Android,6.1,32000
Samsung,Galaxy S23,512,8,12,3000,1080 x 2340 pixels,Android,6.1,60000
Samsung,Galaxy S23,512,8,12,3000,1080 x 2340 pixels,Android,6.1,60000
Samsung,Galaxy S23,512,8,12,3000,1080 x 2340 pixels,Android,6.1,60000
Samsung,Galaxy S23,128,8,12,3000,1080 x 2340 pixels,Android,6.1,60000
Samsung,Galaxy S23,128,8,12,3000,1080 x 2340 pixels,Android,6.1,60000
Samsung,Galaxy S23,256,8,12,3000,1080 x 2340 pixels,Android,6.1,35000
Samsung,Galaxy S23,256,8,12,3000,1080 x 2340 pixels,Android,6.1,60000
Samsung,Galaxy S23,256,8,12,3000,1080 x 2340 pixels,Android,6.1,36000
Samsung,Galaxy S23,256,8,12,3000,1080 x 2340 pixels,Android,6.1,60000
Samsung,Galaxy S23,512,8,12,3000,1080 x 2340 pixels,Android,6.1,60000
Samsung,Galaxy S23 Plus,256,8,12,4000,1080 x 2340 pixels,Android,6.6,50000
Samsung,Galaxy S23 Plus,256,8,12,4000,1080 x 2340 pixels,Android,6.6,60000
Samsung,Galaxy S23 Plus,256,8,12,4000,1080 x 2340 pixels,Android,6.6,60000
Samsung,Galaxy S23 Plus,256,8,12,4000,1080 x 2340 pixels,Android,6.6,60000
Samsung,Galaxy S23 Plus,512,8,12,4000,1080 x 2340 pixels,Android,6.6,60000
Samsung,Galaxy S23 Plus,512,8,12,4000,1080 x 2340 pixels,Android,6.6,60000
Samsung,Galaxy S23 Plus,512,8,12,4000,1080 x 2340 pixels,Android,6.6,60000
Samsung,Galaxy S23 Plus,512,8,12,4000,1080 x 2340 pixels,Android,6.6,60000
Infinix,Hot 20i,128,4,8,4000,720 x 1612,Android,6.6,4945
Infinix,Hot 20i,128,4,8,4000,720 x 1612,Android,6.6,4700
Infinix,Hot 20i,64,4,8,4000,720 x 1612,Android,6.6,4099
Infinix,Hot 20i,64,4,8,4000,720 x 1612,Android,6.6,4099
Benco,P11,2,,Unidentified,2000,128 x 160,,,650
Benco,Y11,32,1,Unidentified,2000,,Android,,1899
Samsung,Galaxy A73,256,8,32,4000,1080 x 2400,Android,6.7,21874
Samsung,Galaxy A73,128,8,32,4000,1080 x 2400,Android,6.7,18000
Samsung,Galaxy S23 Plus,256,8,12,4000,1080 x 2340,Android,6.6,50000
Apple,iPhone 14 Plus,256,6,12,4000,1284 x 2778,iOS,6.7,41000
Apple,iPhone 14 Plus,256,6,12,4000,1284 x 2778,iOS,6.7,42000
Apple,iPhone 14 Plus,128,6,12,4000,1284 x 2778,iOS,6.7,39500
Apple,iPhone 14 Plus,128,6,12,4000,1284 x 2778,iOS,6.7,39999
LAVA,Iris 46,32,1,5,2000,854 x 480 ,Pie,5,1870
Apple,iPhone 14,128,4GB,12,3000,1170 x 2532,iOS,6.1,37000
Xiaomi,Poco C40,32,3,5,5000,720 x 1650,Android,6.7,5299
Xiaomi,Poco C40,32,3GB,5,5000,720 x 1650,Android,6.7,4399
Samsung,Galaxy S22 Ultra,512,12,40,4000,1440 x 3088 pixels,Android,6.8,44999
Samsung,Galaxy S22 Ultra,512,12,40,4000,1440 x 3088 pixels,Android,6.8,39500
realme,9i,128,4,16,4000,1080 x 2412,Android,6.6,6599
Nokia,5310,Less,Less,Not,1000,240x320,,2.4,1150
Samsung,B310E,512,,Not,Below,128 x 160,Proprietary,2,698
realme,9i,128,6,16,4000,1080 x 2412 pixels,Android,6.6,7250
realme,10,256,8,16,4000,1080 x 2400,Android,6.4,8099
Xiaomi,Redmi 10A,128,6,5,4000,720 x 1600,Android,6.5,5999
Benco,E11,32,1,Unidentified,1000,128 x 160,,1.8,510
iTel,P38,32,2,3,4000,128x160,Marshmallow,6.5,3099
Xiaomi,Redmi A1 Plus,32,2,5,4000,720 x 1600,Android,6.52,3399
Vivo,Y35,128,8,16,4000,1080 x 2408,Android,6.6,8400
Oppo,A74,128,6,16,4000,2400×1080,Android,6.43,9999
Apple,iPhone 11,64,4,12,3000,828 x 1792,iOS,6.1,23500
Oppo,Reno 8 T,128,8,32,4000,1080 x 2400,Android,6.4,10099
realme,C11 2021,32,2,5,4000,720 x 1600,Android,6.5,3499
Nokia,Nokia Mini,512,32MB,Unidentified,Below,240 x 320,Android,0.66,599
Nokia,Nokia 106,Less,Less,Unidentified,Below,120 x 160 pixels,,1.8,550
Oppo,Reno 8 T,256,8,32,4000,1080 x 2400,Android,6.43,10999
Xiaomi,Redmi Note 12 Pro Plus,256,8,16,4000,1080 x 2400 ,Android,6.7,15700
Samsung,Galaxy A73,128,8,32,4000,1080 x 2400,Android,6.7,20625
Infinix,Hot 20,128,6,8,4000,720 x 1640,Android,6.8,5919
Infinix,Hot 20,128,6,8,4000,720 x 1640,Android,6.8,5999
Infinix,Hot 20,128,6,8,4000,720 x 1640,Android,6.8,5919
Xiaomi,Redmi Note 12 Pro,256,12,16,4000,1080 x 2400,Android,6.6,17000
Xiaomi,Redmi Note 12 Pro,256,12,16,4000,1080 x 2400,Android,6.6,17000
Xiaomi,Redmi Note 12 Pro,256,12,16,4000,1080 x 2400,Android,6.6,17000
iTel,P38,32,2,5,4000,720x1612,Android,6.6,3099
Nokia,Nokia C1,16,1,5,2000,480 x 960 pixels,Android,5.5,2259
Xiaomi,Poco X5 Pro,256,8,16,4000,1080 x 2400,Android,6.6,11899
Xiaomi,Poco X5 Pro,256,8,16,4000,1080 x 2400,Android,6.6,14999
Huawei,Nova Y61,64,4,5,4000,720X1600,EMUI,6.5,6169
Huawei,Nova Y61,64,4,5,4000,720X1600,EMUI,6.5,6169
Apple,iPhone 14 Pro Max,256,6,12,4000,1290 x 2796,iOS,6.7,62999
Nokia,C21 Plus,64,4,5,4000,720 x 1600,Android,6.5,4190
Xiaomi,Redmi 12C,128,4,5,4000,1650 × 720,Android,6.71,5250
Samsung,Galaxy A54 5G,128,8,32,4000,1080 x 2340,Android,6.4,17999
Apple,iPhone 14 Pro,128,6,12,3000,1179 x 2556,iOS,6.1,45997
iKU,S3,32,32,,1000,,Android,1.8,515
iKU,S3,32,32,Unidentified,1000,,Android,1.8,515
iKU,S3,32,32,Unidentified,1000,,Android,1.8,515
iKU,F102,32,32,Unidentified,1000,,Android,1.8,450
iKU,F102,32,32,Unidentified,1000,,Android,1.8,450
iKU,S5,32,32,Unidentified,1000,,Android,2.4,630
iKU,S5,32,32,,1000,,Android,2.4,630
iKU,S5,32,32,,1000,,Android,2.4,630
iKU,S5,32,32,Unidentified,1000,,Android,2.4,630
iKU,S3,32,32,Unidentified,1000,,Android,1.8,515
iKU,S3 Mini,32,32,Unidentified,1000,,Android,1.8,490
iKU,S3 Mini,32,32,Unidentified,1000,,Android,1.8,490
iKU,S3 Mini,32,32,Unidentified,1000,,Android,1.8,490
iKU,X5,64,4,5,5000,1600×720,Android,6.9,3599
iKU,X5,32,3,5,5000,1600×720,Android,6.9,3300
iKU,X5,64,4,5,5000,1600×720,Android,6.9,3599
iKU,X5,32,3,5,5000,1600×720,Android,6.9,3300
iKU,X5,64,4,5,5000,1600×720,Android,6.9,3599
iKU,X5,32,3,5,5000,1600×720,Android,6.9,3300
iKU,A10s,32,2,5,3000,,Android,6.6,2799
iKU,A10s,32,2,5,3000,,Android,6.6,2799
iKU,A23,32,2,13,3000,,Android,6.1,2299
iKU,A23,32,2,13,3000,,Android,6.1,2299
iKU,A23,32,2,13,3000,,Android,6.1,2299
iKU,A23,32,2,13,3000,,Android,6.1,2299
iKU,A22,32,2,5,3000,,Android,6.2,2249
iKU,T8,16,2,2,3000,,Android,8,2599
iKU,A22,32,2,5,3000,,Android,6.2,2249
iKU,A22,32,2,5,3000,,Android,6.2,2249
iKU,A22,32,2,5,3000,,Android,6.2,2222
Samsung,A34,128,8,13,4000,1080 x 2340,Android,6.6,11699
Samsung,A34,128,8,13,4000,1080 x 2340,Android,6.6,11699
Samsung,A54,256,8,32,4000,1080 x 2340,Android,6.4,17999
Samsung,A54,256,8,32,4000,1080 x 2340,Android,6.4,17000
Benco,E20,32,Less,Unidentified,1000,,,2.4,499
LAVA,E10,32,32,Not,1000,,,1.77,449
Oppo,A96,256,8,16,4000,1080 x 2412,Android,6.5,9800
Oppo,A17K,64,3,5,4000,,Android,6.52,5150
Oppo,A17K,64,3,5,4000,,Android,6.52,5150
Ace,Urban 3,32,2,5,2000,,Android,6.5,3075
iTel,S18 S663L,64,4,8,4000,720x1600,Itel,6.6,3099
iTel,S18 S663L,64,4,8,4000,720x1600,Itel,6.6,3099
iTel,S18 S663L,64,4,8,4000,720x1600,Itel,6.6,3099
Oppo,Reno 7,256,8,32,4000,1080 x 2400,Android,6.4,11999
Samsung,Galaxy A54,128,8,32,4000,1080 x 2340,Android,6.4,14999
Samsung,A04s,32,3,5,4000,720 x 1600,Android,6.5,4021
realme,C55,256,8,8,4000,1080 x 2400,Android,6.7,8150
Vivo,Y02,32,2,5,4000,720 x 1600,Android,6.5,3640
Vivo,Y02,32,2,5,4000,720 x 1600,Android,6.5,3640
Samsung,Galaxy A54,256,8,32,4000,1080 x 2340,Android,6.4,15000
Samsung,Galaxy A54,256,8,32,4000,1080 x 2340,Android,6.4,17399
Samsung,Galaxy A54,128,8,32,4000,1080 x 2340,Android,6.4,17600
Samsung,Galaxy A54,128,8,32,4000,1080 x 2340,Android,6.4,17600
Xiaomi,Redmi Note 12 Pro Plus,256,8,16,4000,1080x2400,Android,6.6,15700
Xiaomi,Redmi Note 12 4G,128,8,13,4000,1080 x 2400,Android,6.6,7999
